reunion,dec_gold,dec_en_P1,dec_base,estado_ok_base,resp_ok_base,resp_participante_equivocado_base,resp_null_indebido_base,resp_asigno_sin_responsable_base,dec_v2,estado_ok_v2,resp_ok_v2,resp_participante_equivocado_v2,resp_null_indebido_v2,resp_asigno_sin_responsable_v2,aviso_base,aviso_P1,aviso_P2,tokens_P2
M01,7,5,4,3,4,0,0,0,3,3,4,0,0,0,,, | salida cortada por num_predict,7021
M02,6,6,4,3,6,0,0,0,1,1,5,0,0,0,,, | salida cortada por num_predict,7313
M03,6,4,3,2,4,1,0,0,2,2,3,0,0,0,,,,6705
M04,5,5,2,0,2,1,0,0,3,2,2,2,0,0,,,,5738
M05,5,2,3,1,3,1,0,0,2,1,2,1,1,0,,,,5436
M06,5,4,3,3,2,1,0,0,4,3,3,0,0,0,,,,5794
M07,6,3,3,3,3,0,0,0,2,2,3,0,0,0,,,,5368
M08,6,4,4,3,5,0,0,0,4,3,5,0,0,0,,,,5510
M09,5,3,4,2,3,0,0,0,3,3,3,0,0,0,,,,5205
M10,5,4,2,2,3,2,0,0,3,2,1,4,0,0,,,,5824
