meeting_id,baseline_json_valido,pipeline_json_valido,baseline_segundos,pipeline_segundos,baseline_recall_decisiones,pipeline_recall_decisiones,baseline_recall_tareas,pipeline_recall_tareas,baseline_plazos_correctos,pipeline_plazos_correctos,baseline_responsables_correctos,pipeline_responsables_correctos,decisiones_esperadas,tareas_esperadas,baseline_estados_correctos,pipeline_estados_correctos,baseline_asignados_no_participantes,pipeline_asignados_no_participantes,baseline_aviso_contexto,pipeline_aviso_contexto
M01,True,True,25.0,81.97,0.571,0.429,0.571,0.571,3,2,4,4,7,7,3,3,0,0,, | salida cortada por num_predict
M02,True,True,41.94,86.73,0.667,0.167,1.0,0.833,1,4,6,5,6,6,3,1,0,0,, | salida cortada por num_predict
M03,True,True,28.57,50.85,0.5,0.333,0.417,0.25,2,2,4,3,6,12,2,2,1,0,,
M04,True,True,21.73,56.96,0.4,0.6,0.75,1.0,2,2,2,2,5,4,0,2,0,0,,
M05,True,True,31.79,54.13,0.6,0.4,1.0,1.0,2,2,3,2,5,4,1,1,0,0,,
M06,True,True,21.78,65.25,0.6,0.8,1.0,1.0,3,3,2,3,5,3,3,3,0,0,,
M07,True,True,21.19,43.62,0.5,0.333,0.75,0.75,1,1,3,3,6,4,3,2,0,0,,
M08,True,True,29.25,58.13,0.667,0.667,1.0,1.0,1,3,5,5,6,5,3,3,0,0,,
M09,True,True,25.75,41.81,0.8,0.6,1.0,1.0,2,3,3,3,5,3,2,3,0,0,,
M10,True,True,24.56,67.97,0.4,0.6,1.0,1.0,2,2,3,1,5,5,2,2,0,0,,
